item_id,item_name,description,retail_price,stock
1,ACETYLCYSTEINE 200MG,(FLUMEX) 200MG SACHET,10.25,100
2,ACETYLCYSTEINE 600MG,(ACC) 600MG SACHET,16.75,100
3,ACICLOVIR,(VIREST) 400MG TABLET,4.0,100
4,ACICLOVIR,"(ZYCLOR) 25MG/ML, 10ML VIAL",235.0,100
5,ADENOSINE,"(CARDIOSINE) 3MG/ML, 2ML",417.0,100
6,ADENOSINE,"(CARDIOSINE) 3MG/ML, 2ML",320.5,100
7,ALL IN ONE ADMIXTURES,1400 KCAL,3965.0,100
8,ALLOPURINOL,(URISOL) 100MG TABLET,1.75,100
9,ALLOPURINOL,(ALLUPREX) 300MG TABLET,2.75,100
10,AMIKACIN,(COCINE) 100MG/2ML VIAL,88.0,100
11,AMINOPHYLLINE,"(AMINOSOL) 25MG/ML, 10ML",27.25,100
12,AMIODARONE,(AMIRON) 200MG TABLET,17.5,100
13,AMIODARONE,"(EURYTHMIC) 50MG/ML, 3ML",327.0,100
14,AMLODIPINE,(AMLOTHIX) 10MG TABLET (30's only),0.5,100
15,AMLODIPINE,(AMLOSAPH) 5MG TABLET,0.5,100
16,AMINO ACID,(AMBISOR) 500ML BOTTLE,675.0,100
17,AMOXICILLIN,"(MOXYLOR) 250MG/5ML, 60ML SUSPENSION",67.0,100
18,AMPICILLIN,250MG VIAL,17.0,100
19,AMPICILLIN,(AMPITREX) 500MG VIAL,23.0,100
20,AMPICILLIN,(AMPITREX) 1G VIAL,22.0,100
21,AMPICILLIN + SULBACATAM,(SULBACIN) 1G / 500MG VIAL,52.25,100
22,ANTI-RABIES SERUM,"(EQUINE) 200IU/ML, 5ML VIAL",1435.0,100
23,ANASTRAZOLE,(ANATERO) 1MG TABLET,26.5,100
24,ASCORBIC ACID,(HAVC) 500MG TABLET,1.0,100
25,ASCORBIC ACID,"(VITCEE) 100MG/5ML, 60ML SYRUP",65.75,100
26,ASCORBIC ACID,"(NOVACEE) 100MG/ML, 15ML ORAL DROPS",81.25,100
27,ASPIRIN,(SCHEEPRIN) 80MG TABLET,1.75,100
28,ATORVASTATIN,(TORVASTATIN) 20MG TABLET,3.75,100
29,ATORVASTATIN,(SITIVAST) 40MG TABLET (30's only),5.5,100
30,ATORVASTATIN,(ATORSAPH) 80MG TABLET,16.0,100
31,ATRACURIUM,"(ACURIUM) 10MG/ML, 2.5ML AMPULE",94.25,100
32,ATROPINE,"(ALTREX) 1MG/ML, 1ML AMPULE",49.25,100
33,AZITHROMYCIN,(AZCORE) 500MG TABLET,23.75,100
34,AZITHROMYCIN,"(MYAZI) 200MG/5ML, 15ML SUSPENSION",189.0,100
35,AZITHROMYCIN,(HITHRO) 500MG VIAL,264.5,100
36,BACLOFEN,(LIOSAL) 10MG TABLET,16.75,100
37,BENZYLPENICILLIN,"1,000,000 UNITS (600MG)",25.0,100
38,BETAHISTINE,(BETZINE) 8MG TABLET,5.75,100
39,BETAHISTINE,(BETZINE) 16MG TABLET,8.0,100
40,BETAHISTINE,(BETZINE) 24MG TABLET,27.5,100
41,BIPHASIC ISOPHANE HUMAN INSULIN,(LUPINSULIN) 70/30,399.0,100
42,BUDESONIDE,"(RESPISAPH) 250MCG/ML, 2ML NEBULE",39.0,100
43,BUTAMIRATE CITRATE,(SAPHMIRATE) 50MG TABLET,16.25,100
44,BUPIVACAINE,"0.5%, 10ML (PLAIN)",289.75,100
45,BUTORPHANOL,"(ZINOL) 2MG/ML, 1ML AMPULE",485.25,100
46,CALCIUM CARBONATE,500MG TABLET,3.0,100
47,CALCIUM CARBONATE + VITAMIN D3,(CALVIT GOLD) 400IU + 600MG TABLET (30'S ONLY),5.5,100
48,CALCIUM GLUCONATE,"(CALCILYTE) 100MG/ML, 10ML AMPULE",89.5,100
49,CAPTOPRIL,(CONAMID) 25MG TABLET,0.75,100
50,CARBOPROST,"(EVAPROST) 250MCG/ML, 1ML",495.0,100
51,CARBOPROST,"(ENDAPROST) 250MCG/ML, 1ML",255.0,100
52,CARVEDILOL,(KARVIDOL) 25MG TABLET,6.25,100
53,CARVEDILOL,6.25MG TABLET,5.0,100
54,CEFAZOLIN,(FAZLIN) 1G VIAL,183.0,100
55,CEFAZOLIN,1G VIAL,37.25,100
56,CEFALEXIN,(EXEL) 500MG CAPSULE,4.75,100
57,CEFIXIME,(SUPIXIME) 200MG CAPSULE,19.5,100
58,CEFIXIME,(FLAMIFIX) 200MG CAPSULE,9.75,100
59,CEFIXIME,"(EMACIF) 100MG/5ML, 60ML SUSPENSION",195.0,100
60,CEFOTAXIME,(CEFOTAX) 500MG VIAL,133.5,100
61,CEFOXITIN,(FOXIN) 1 G VIAL,108.5,100
62,CEFTAZIDIME,(CEFTIBAX) 1 G VIAL,52.25,100
63,CEFTRIAXONE,(ROXON) 1G VIAL,70.0,100
64,CEFUROXIME,(EXECORE) 750MG VIAL,51.0,100
65,CEFUROXIME,(EXECORE) 1.5G VIAL,86.25,100
66,CEFUROXIME,"(SQCEF) 250MG/5ML, 50ML SUSPENSION",201.0,100
67,CEFUROXIME,"(KEFSYN) 250MG/5ML, 50ML SUSPENSION",171.0,100
68,CELECOXIB,(CELEKOP) 200MG CAPSULE,3.25,100
69,CILOSTAZOL,(VAXOL) 50MG TABLET,10.75,100
70,CINNARIZINE,(MOTICON) 25MG TABLET,1.25,100
71,CIPROFLOXACIN,"(FLOXIL) 2MG/ML, 100ML VIAL",34.75,100
72,CLARITHROMYCIN,"(CLARITHROMED) 125MG/5ML, 50ML SUSPENSION",314.5,100
73,CLINDAMYCIN,"(KLINBAC) 150MG/ML, 4ML AMPULE",71.75,100
74,CLINDAMYCIN,(DYNACIN) 300MG CAPSULE,21.0,100
75,CLONIDINE,(CYCLODINE) 150MCG/ML AMPULE,183.0,100
76,CLONIDINE,(CLONISUR) 150MCG/ML AMPULE,141.0,100
77,CLOPIDOGREL,(CLOPINOVA) 75MG TABLET,3.5,100
78,CLOXACILLIN,(CLOXANE) 500MG CAPSULE,5.25,100
79,CO-AMOXICLAV,"(CLAVOGEN) 457MG/5ML, 70ML BOTTLE",219.0,100
80,CO-AMOXICLAV,(PREVACLAV) 1G TABLET,27.75,100
81,COLCHICINE,(GOUTSAPH) 500MCG TABLET,2.75,100
82,COTRIMOXAZOLE,(KATHREX) 800MG TABLET,2.25,100
83,CYCLOPHOSPHAMIDE,(SYKLOGET) 500MG VIAL,189.0,100
84,DEXAMETHASONE,"(METACORT) 4MG/ML, 2ML AMPULE",8.5,100
85,DIAZEPAM,"(ANXIOL) 5MG/ML, 2ML AMPULE",174.25,100
86,DIGOXIN,(DIXIN) 250MCG TABLET,7.0,100
87,DIGOXIN,"(ELIXIR) 50MCG/ML, 60ML BOTTLE",693.0,100
88,DIGOXIN,"(CARDIOXIN) 250MCG/ML, 2ML",134.75,100
89,DIPHENHYDRAMINE,"(RABAPHEN) 50MG/ML, 1ML AMPULE",119.25,100
90,DIPHENHYDRAMINE,(HISTAZYN) 50MG CAPSULE,4.75,100
91,DOMPERIDONE,"(DOMPY) 1MG/ML, 60ML SUSPENSION",80.25,100
92,DOMPERIDONE,(DOMPEDONE) 10MG TABLET,4.0,100
93,DOPAMINE,"(DOPAMAX) 40MG/ML, 5ML",50.25,100
94,DORZOLAMIDE HCL,"(TRUSOPT) 20MG/ML, 5ML BOTTLE",828.5,100
95,DOXORUBICIN,(DOXVEX) 50MG VIAL,539.25,100
96,DOXYCYCLINE,(MYDOXY) 100MG CAPSULE,4.75,100
97,ENALAPRIL,5MG TABLET,12.0,100
98,EPERISONE,(MYELAX) 50MG TABLET,17.5,100
99,EPINEPHRINE,"(EPICARE) 1MG/ML, 1ML AMPULE",35.0,100
100,EPOETIN ALFA,(REPOITIN) 4000 I.U/0.4ML PFS,507.5,100
101,ERYTHROMYCIN,"(MONPHEVIN) 200MG/5ML, 60ML SUSPENSION",109.0,100
102,ERYTHROMYCIN,500MG TABLET,5.75,100
103,FENOFIBRATE,(FENO-TG) 160MG TABLET,16.75,100
104,FENOFIBRATE,(FENOSAPH) 200MG TABLET,9.5,100
105,FENTANYL,"(TROFENTYL) 50MCG/ML, 2ML AMPULE",261.0,100
106,FILGRASTIM,(GRASTIGEN) 300MCG/0.5ML PFS,2095.0,100
107,FINASTERIDE,(FINAPROS) 5MG TABLET,8.75,100
108,FINASTERIDE,(VEXFIN) 5MG TABLET,9.5,100
109,FLUCONAZOLE,(FLUCONOBAS) 150MG CAPSULE,31.75,100
110,FLUCONAZOLE,"(FLUCOLIFE) 2MG/ML, 100ML VIAL",327.0,100
111,FLUOROURACIL,(RACIFLUORO) 250MG/5ML (50MG/ML) 10ML VIAL,93.25,100
112,FLUPENTIXOL,"(FLUANXOL) 20 MG/ML, 1 ML AMPULE",435.0,100
113,FLUTICASONE + SALMETEROL,"(FORAIR) 125MCG+25MCG, 120 ACTUATION",253.75,100
114,FLUTICASONE + SALMETEROL,"(SERETIDE) 250MCG/25MCG, 120 ACTUATIONS",284.25,100
115,FLUTICASONE + SALMETEROL,"(FORAIR) 250MCG+25MCG, 120 ACTUATION",265.75,100
116,FUROSEMIDE,20MG TABLET,1.25,100
117,FUROSEMIDE,(UROMID)40MG TABLET,1.25,100
118,FUROSEMIDE,"10MG/ML, 2ML AMPULE",6.25,100
119,GABAPENTIN,(GABAVEX) 100MG CAPSULE,11.25,100
120,GABAPENTIN,(PENTINOVA) 300MG CAPSULE,20.75,100
121,GABAPENTIN,(GABAVEX) 300MG CAPSULE,7.25,100
122,GLICLAZIDE,(GLIFRED) 60MG TABLET,12.5,100
123,GLICLAZIDE,(SAPHLAZIDE) 80MG TABLET,2.25,100
124,GLICLAZIDE,(ZEBET) 80MG TABLET,3.5,100
125,HALOPERIDOL,"(SEREDOL) 5MG/ML, 1ML AMPULE",609.0,100
126,HYDRALAZINE,"(APREZOBAS) 20MG/ML, 1ML AMPULE",58.75,100
127,HYDROCORTISONE,(STERICORT) 100MG VIAL,21.75,100
128,HYDROCORTISONE,(STERICORT) 250MG VIAL,64.75,100
129,HYDROXYETHYL STARCH,(VOLUVEN) 500 ML BAG,789.5,100
130,HYOSCINE,"(GASCOSIN) 20MG/ML, 1ML AMPULE",21.25,100
131,HYPERMELLOSE,"(ILUBE) OPTHALMIC SOLUTION 0.3%, 10ML BOT",228.5,100
132,HYPERTONIC LACTATE,(TOTILAC) 250ML BAG,1131.0,100
133,IBUPROFEN,"(PENFRO) 200MG/5ML, 60ML SUSP.",93.25,100
134,IMMUNOGLOBULIN NORMAL HUMAN,"(IMMUNOREL) 50MG/ML, 50ML VIAL",9243.75,100
135,INSULIN GLARGINE,"(GLYSOLIN G) 100IU/ML, 3ML",573.0,100
136,IOHEXOL,"(JODASCAN) 350MG/ML, 50ML VIAL",1155.0,100
137,IRBESARTAN,(IRBEZIL) 150MG TABLET,3.5,100
138,IRBESARTAN,(IRBIS H) 300MG TABLET,4.0,100
139,IRON SUCROSE,"(ISERON) 20MG/ML, 5ML AMPULE",98.75,100
140,ISOSORBIDE DINITRATE,"(FARSORBID) 1MG/ML, 10ML VIAL",591.0,100
141,ISOSORBIDE MONONITRATE,(ISMODIN) 60MG TABLET,8.0,100
142,ISOSORBIDE MONONITRATE,(ISMODIN) 30MG TABLET,6.5,100
143,ISOXSUPRINE,"(ISOXULIDE) 5MG/ML, 2ML AMPULE",186.5,100
144,I.V. FLUIDS 50% DEXTROSE IN WATER,(D50 WATER) 50ML BOTTLE,51.75,100
145,I.V.FLUIDS 5% DEXTROSE IN 0.3% SODIUM CHLORIDE,(D5 0.3 NaCl) 500 ML BOTTLE,44.0,100
146,I.V. FLUIDS 5% DEXTROSE IN 0.9% SODIUM CHLORIDE,(D5 0.9 NaCL) 1 LITER BOTTLE,44.0,100
147,I.V. FLUIDS 10% DEXTROSE IN WATER,(D10 WATER) 500ML BOTTLE (EURO-MED),44.0,100
148,I.V. FLUIDS 5% DEXTROSE IN WATER,(D5 WATER) 500ML BOTTLE,44.25,100
149,I.V FLUIDS 5% DEXTROSE IN LACTATED RINGER'S SOLUTION,(D5 LR) 1 LITER BOTTLE,50.25,100
150,I.V FLUIDS SODIUM CHLORIDE,(PNSS) 50ML VIAL,42.0,100
151,I.V FLUIDS SODIUM CHLORIDE,(PNSS) 1 LITER BOTTLE,38.75,100
152,I.V FLUIDS LACTATED RINGER'S SOLUTION,(PLR) 1 LITER BOTTLE,41.25,100
153,KETAMINE,(ETAMINE) 50MG/ML VIAL,1752.75,100
154,KETOROLAC,"30MG/ML, 1ML",28.0,100
155,LACTULOSE,"(EASELAC) 3.33G/5ML, 120ML SYRUP",231.0,100
156,LAMOTRIGINE,(LANISTOR) 100MG TABLET,8.25,100
157,LEVETIRACETAM,(DRETACEN) 500MG TABLET,12.5,100
158,LEVETIRACETAM,"(MASOLEV) 100MG/ML, 5MLVIAL",861.0,100
159,LEVOFLOXACIN,(LEVCAR) 500MG TABLET,7.25,100
160,LEVOFLOXACIN,"(WELQUINE) 5MG/ML, 100MLVIAL",137.25,100
161,LEVOTHYROXINE,(THYDIN) 50MCG TABLET,4.25,100
162,LEVOTHYROXINE,(THYDIN) 100MCG TABLET,8.5,100
163,LIDOCAINE + EPINEPHRINE,"(XYLODENT) 20MG/ML (2%), 1.8ML CARPULE (dental)",40.5,100
164,LIDOCAINE,"(XYCLOCAINE) 10%, 50ML SPRAY",2969.5,100
165,LIDOCAINE,"(EUROCAINE) 20MG/ML, 5ML AMPULE",35.0,100
166,LOPERAMIDE,(HARVIMIDE) 2MG CAPSULE,1.0,100
167,LORATADINE,(LORAREX) 10MG TABLET,7.75,100
168,LORATADINE,"(ACCE-LORA) 5MG/5ML SYRUP, 60ML BOTTLE",115.5,100
169,LOSARTAN,(SAPHLOR) 50MG TABLET,2.0,100
170,MANNITOL,500ML BOTTLE,195.0,100
171,MEFENAMIC,(BIOMEF) 500MG TABLET,1.75,100
172,METFORMIN,500MG TABLET,1.5,100
173,METHYLDOPA,250MG TABLET,8.25,100
174,METHYLPREDNISOLONE,(PREDNIVEX) 16MG TABLET,13.5,100
175,METOCLOPRAMIDE,"(PLAZIMIDE) 5MG/ML, 2ML AMPULE",9.75,100
176,METRONIDAZOLE,500MG TABLET,1.75,100
177,METRONIDAZOLE,"(RETAZOL) 5MG/ML, 100ML VIAL",21.0,100
178,MIDAZOLAM,"(DORMIZOL) 5MG/ML, 3ML AMPULE",135.0,100
179,MONTELUKAST,(AUROHEX) 4MG CHEWABLE TABLET,9.0,100
180,MONTELUKAST,5MG CHEWABLE TABLET,20.0,100
181,MULTIVITAMINS,(MULTILIVE) CAPSULE FOR ADULT,1.75,100
182,MUPIROCIN,"(ACCEBACT) 2% CREAM, 15G TUBE",115.5,100
183,NALBUPHINE,"(NUKAINE) 10MG/ML, 1ML AMPULE",130.75,100
184,NICARDIPINE,"1MG/ML, 10ML AMPULE",83.5,100
185,NIFEDIPINE,(NICARDIA) 10MG CAPSULE,11.75,100
186,NOREPINEPHRINE,"(NOREPIN) 1MG/ML, 10ML AMPULE",519.0,100
187,NYSTATIN,"(NYSTRIN) 100,000UNITS/ML, 30ML BOT",147.5,100
188,OLANZAPINE,(OLEANZ) 10MG OD TABLET,28.0,100
189,OMEPRAZOLE,(OMEZOL) 40MG VIAL,27.5,100
190,OXACILLIN,(OXAN) 500MG VIAL,42.5,100
191,OXYTOCIN,"(GYNETOCIN) 10IU/ML, 1ML AMPULE",21.0,100
192,PANTOPRAZOLE,(PANTOVIC) 40MG TABLET,23.75,100
193,PANTOPRAZOLE,(RESTON) 40MG TABLET,9.25,100
194,PARACETAMOL,(RAPIDOL) 500MG TABLET,0.5,100
195,PARACETAMOL,"150MG/ML, 2ML AMPULE",11.0,100
196,PHYTOMENADIONE,"(HEMA-K) 10MG/ML, 1ML AMPULE",22.0,100
197,PIPERACILLIN + TAZOBACTAM,(TAZOBAK) 4.5G VIAL,107.5,100
198,POTASSIUM CHLORIDE,(KALIGEN)750MG TABLET,32.0,100
199,POTASSIUM CHLORIDE,750MG TABLET,19.75,100
200,POTASSIUM CITRATE,(KAITRATE) 1080MG (10MEQ) TABLET,8.5,100
201,PROPOFOL,"(DIPRIFOL) 10MG/ML, 20ML AMPULE",106.5,100
202,QUETIAPINE,(SEROTIA) 300MG TABLET,63.0,100
203,RANITIDINE,"(ZANTOL) 25MG/ML, 2ML AMPULE",10.0,100
204,REMIFENTANIL,(REMIFEN) 1MG VIAL,1904.5,100
205,RIFAXIMIN,200MG TABLET,86.75,100
206,ROCURONIUM,"(NEUMERON) 10MG/ML, 5ML",248.5,100
207,ROPIVACAINE,(NAROPIN) 10MG/ML VIAL,419.25,100
208,ROSUVASTATIN,(ROST) 20MG TABLET,3.75,100
209,SALBUTAMOL INHALER,100MCG/DOSE X 200 ACTUATIONS,160.5,100
210,SALBUTAMOL,"(ALBULEM) 2MG/5ML, 60ML SYRUP",76.5,100
211,SALBUTAMOL,"(BRONCOLIN) 1MG/ML, 2.5ML NEBULE",11.25,100
212,SILVER SULFADIAZINE,(SILVEDERMA) 500GRAMS,1065.0,100
213,SODIUM HYALURONATE,"(HIALID) 0.1% ,5ML BOTTLE",320.0,100
214,STERILE WATER FOR INJECTION,50ML VIAL,35.0,100
215,SUCRALFATE,(SUCRALFIN) 1G TABLET,39.0,100
216,TAMSULOSIN,(HARNAL) 200MCG TABLET,21.75,100
217,TAMSULOSIN,(HARNAL) 400MCG TABLET,30.25,100
218,TETANUS IMMUNOGLOBIN,"(TETAGAM)  250IU/ML, 1ML",966.5,100
219,TETANUS TOXOID,0.5ML AMPULE,108.25,100
220,TOLVAPTAN,(SAMSCA) 15MG TABLET,798.25,100
221,TRAMADOL,(OPIODEX) 50MG CAPSULE,2.75,100
222,TRANEXAMIC ACID,(TRANEXSAPH) 500MG CAPSULE,8.25,100
223,TRANEXAMIC ACID,"(HEMOBAS) 100MG/ML, 5ML AMPULE",40.25,100
224,TRIMETAZIDINE,(DINEMIC-SR) 35MG TABLET,18.0,100
225,TROPICAMIDE PHENYLEPHRINE,"(SANMYD-P) 5MG/5ML PER ML, 10ML BOTTLE",533.5,100
226,VITAMIN B COMPLEX,100MG+100MG+1MG AMPULE,30.75,100
227,ZINC,"(ZINLUM) 10MG/ML, 15 ML ORAL DROPS",39.0,100
228,ZINC,"(ZINLUM) 20MG/5ML, 60ML SYRUP",48.75,100
229,ZINC,"(ENERZINC) 20MG/5ML, 60ML SYRUP",54.5,100
